name,designation,post,department,officeLocation,extension,phoneNo,cellNo,email
name1,designation1,post1,department1,officeLocation1,extension1,phoneNo1,cellNo1,email1
name2,designation2,post2,department2,officeLocation2,extension2,phoneNo2,cellNo2,email2
name3,designation3,post3,department3,officeLocation3,extension3,phoneNo3,cellNo3,email3
name4,designation4,post4,department4,officeLocation4,extension4,phoneNo4,cellNo4,email4
name5,designation5,post5,department5,officeLocation5,extension5,phoneNo5,cellNo5,email5
name6,designation6,post6,department6,officeLocation6,extension6,phoneNo6,cellNo6,email6
name7,designation7,post7,department7,officeLocation7,extension7,phoneNo7,cellNo7,email7
name8,designation8,post8,department8,officeLocation8,extension8,phoneNo8,cellNo8,email8
name9,designation9,post9,department9,officeLocation9,extension9,phoneNo9,cellNo9,email9
name10,designation10,post10,department10,officeLocation10,extension10,phoneNo10,cellNo10,email10
